Comment,Designator,Footprint,LCSC
"47nF","C1,C2,C3,C4,C5,C6,C7,C8,C9,C10,C11,C12,C13,C14,C19,C20,C21,C22,C23,C24,C25,C26,C27,C28,C29,C30,C31,C32,C33,C34,C35,C36,C37,C38,C39,C40,C41,C42,C43,C44,C45,C46,C47,C48,C49,C50,C51,C52,C53,C54,C55,C56,C57,C58,C59,C60,C61,C62,C63,C64,C65,C66,C67,C68,C69,C70,C71,C72,C73,C74,C75,C76,C77,C78,C79,C80,C139,C140","Capacitor_SMD:C_0603_1608Metric","C1622"
"10nF","C106,C170,C178,C231,C233","Capacitor_SMD:C_0402_1005Metric",""
"1uF","C16,C18,C142,C144,C146,C148,C152,C159,C161,C163,C166,C167,C188,C196,C204,C210,C214,C220,C223","Capacitor_SMD:C_0402_1005Metric",""
"10uF","C103,C173,C174,C175,C176,C179,C180,C230,C232,C234,C236","Capacitor_SMD:C_1206_3216Metric",""
"560pF","C189,C190,C191,C192,C193,C194","Capacitor_SMD:C_0402_1005Metric",""
"100pF","C197,C198,C199,C200,C201,C202","Capacitor_SMD:C_0402_1005Metric",""
"100pF","C235","Capacitor_SMD:C_1206_3216Metric",""
"100nF","C15,C17,C81,C83,C87,C89,C91,C92,C94,C96,C98,C100,C101,C104,C105,C107,C108,C109,C110,C111,C112,C113,C114,C115,C116,C117,C118,C119,C120,C121,C122,C123,C124,C125,C126,C127,C128,C129,C130,C131,C132,C133,C134,C135,C136,C137,C138,C141,C143,C145,C147,C149,C150,C151,C153,C154,C155,C156,C157,C158,C160,C162,C164,C165,C168,C169,C171,C172,C181,C182,C183,C184,C185,C186,C187,C195,C203,C205,C206,C207,C208,C209,C211,C212,C213,C215,C216,C217,C218,C219,C221,C222,C224,C225,C226,C227,C229,C237,C238","Capacitor_SMD:C_0402_1005Metric",""
"10uF","C82,C84,C97,C102","Capacitor_SMD:C_0603_1608Metric",""
"12pF","C85,C88","Capacitor_SMD:C_0402_1005Metric",""
"4.7uF","C86,C228","Capacitor_SMD:C_0805_2012Metric",""
"10u","C90","Capacitor_SMD:C_1206_3216Metric",""
"10nF","C93,C177","Capacitor_SMD:C_0805_2012Metric",""
"2.2uF","C95,C99","Capacitor_SMD:C_0603_1608Metric",""
"OscTuneLED11","D100","LED_SMD:LED_0603_1608Metric",""
"OscTuneLED12","D101","LED_SMD:LED_0603_1608Metric",""
"OscTuneLED13","D102","LED_SMD:LED_0603_1608Metric",""
"Osc2FiltLED1","D103","fm-b2020rgba-hg:FM-B2020RGBA-HG",""
"Osc2FiltLED2","D104","fm-b2020rgba-hg:FM-B2020RGBA-HG",""
"SubFiltLED1","D107","fm-b2020rgba-hg:FM-B2020RGBA-HG",""
"SubFiltLED2","D108","fm-b2020rgba-hg:FM-B2020RGBA-HG",""
"OscFiltEnvLED1","D111","fm-b2020rgba-hg:FM-B2020RGBA-HG",""
"OscFiltEnvLED2","D112","fm-b2020rgba-hg:FM-B2020RGBA-HG",""
"OscFiltEnvLED3","D113","fm-b2020rgba-hg:FM-B2020RGBA-HG",""
"PageLED","D114,D115,D116,D120","LED_SMD:LED_0603_1608Metric",""
"SubFiltEnvLED1","D117","fm-b2020rgba-hg:FM-B2020RGBA-HG",""
"SubFiltEnvLED2","D118","fm-b2020rgba-hg:FM-B2020RGBA-HG",""
"SubFiltEnvLED3","D119","fm-b2020rgba-hg:FM-B2020RGBA-HG",""
"Osc1SqrMixLED","D12","LED_SMD:LED_0603_1608Metric",""
"LED","D122","LED_SMD:LED_0603_1608Metric",""
"Osc1ResLED1","D123","fm-b2020rgba-hg:FM-B2020RGBA-HG",""
"Osc1ResLED2","D124","fm-b2020rgba-hg:FM-B2020RGBA-HG",""
"Osc2ResLED1","D127","fm-b2020rgba-hg:FM-B2020RGBA-HG",""
"Osc2ResLED2","D128","fm-b2020rgba-hg:FM-B2020RGBA-HG",""
"Osc1SqrPWMLED","D13","LED_SMD:LED_0603_1608Metric",""
"SubResLED1","D131","fm-b2020rgba-hg:FM-B2020RGBA-HG",""
"SubResLED2","D132","fm-b2020rgba-hg:FM-B2020RGBA-HG",""
"SubResLED3","D133","fm-b2020rgba-hg:FM-B2020RGBA-HG",""
"SubResLED4","D134","fm-b2020rgba-hg:FM-B2020RGBA-HG",""
"SubResLED5","D135","fm-b2020rgba-hg:FM-B2020RGBA-HG",""
"SubResLED6","D136","fm-b2020rgba-hg:FM-B2020RGBA-HG",""
"SubResLED7","D137","fm-b2020rgba-hg:FM-B2020RGBA-HG",""
"Osc1DriveLED1","D144","fm-b2020rgba-hg:FM-B2020RGBA-HG",""
"Osc1DriveLED2","D145","fm-b2020rgba-hg:FM-B2020RGBA-HG",""
"Osc1DriveLED3","D147","fm-b2020rgba-hg:FM-B2020RGBA-HG",""
"Osc1DriveLED4","D148","fm-b2020rgba-hg:FM-B2020RGBA-HG",""
"Osc2DriveLED2","D152","fm-b2020rgba-hg:FM-B2020RGBA-HG",""
"Osc2DriveLED10","D153","fm-b2020rgba-hg:FM-B2020RGBA-HG",""
"Osc2DriveLED3","D154","fm-b2020rgba-hg:FM-B2020RGBA-HG",""
"Osc2DriveLED13","D159","fm-b2020rgba-hg:FM-B2020RGBA-HG",""
"Osc2SqrMixLED","D16","LED_SMD:LED_0603_1608Metric",""
"OscAmpLED1","D162","fm-b2020rgba-hg:FM-B2020RGBA-HG",""
"OscAmpLED2","D163","fm-b2020rgba-hg:FM-B2020RGBA-HG",""
"OscAmpLED3","D164","fm-b2020rgba-hg:FM-B2020RGBA-HG",""
"SubAmpLED1","D165","fm-b2020rgba-hg:FM-B2020RGBA-HG",""
"SubAmpLED2","D166","fm-b2020rgba-hg:FM-B2020RGBA-HG",""
"SubAmpLED3","D167","fm-b2020rgba-hg:FM-B2020RGBA-HG",""
"SubAmpLED4","D168","fm-b2020rgba-hg:FM-B2020RGBA-HG",""
"SubvAmpLED5","D169","fm-b2020rgba-hg:FM-B2020RGBA-HG",""
"OscAmpLED4","D173","fm-b2020rgba-hg:FM-B2020RGBA-HG",""
"OscAmpLED5","D174","fm-b2020rgba-hg:FM-B2020RGBA-HG",""
"FXDryLED1","D175","fm-b2020rgba-hg:FM-B2020RGBA-HG",""
"FXDryLED2","D176","fm-b2020rgba-hg:FM-B2020RGBA-HG",""
"FXDryLED3","D177","fm-b2020rgba-hg:FM-B2020RGBA-HG",""
"FXDryLED4","D178","fm-b2020rgba-hg:FM-B2020RGBA-HG",""
"FXDryLED5","D179","fm-b2020rgba-hg:FM-B2020RGBA-HG",""
"Osc2SqrPWMLED","D18","LED_SMD:LED_0603_1608Metric",""
"FXDryLED6","D180","fm-b2020rgba-hg:FM-B2020RGBA-HG",""
"FXDryLED7","D181","fm-b2020rgba-hg:FM-B2020RGBA-HG",""
"FXDryLED8","D182","fm-b2020rgba-hg:FM-B2020RGBA-HG",""
"FXDryLED9","D183","fm-b2020rgba-hg:FM-B2020RGBA-HG",""
"FXDryLED10","D184","fm-b2020rgba-hg:FM-B2020RGBA-HG",""
"FXWetLED1","D190","fm-b2020rgba-hg:FM-B2020RGBA-HG",""
"FXWetLED4","D193","fm-b2020rgba-hg:FM-B2020RGBA-HG",""
"FXWetLED7","D196","fm-b2020rgba-hg:FM-B2020RGBA-HG",""
"FXWetLED8","D197","fm-b2020rgba-hg:FM-B2020RGBA-HG",""
"FXWetLED9","D198","fm-b2020rgba-hg:FM-B2020RGBA-HG",""
"FXWetLED10","D199","fm-b2020rgba-hg:FM-B2020RGBA-HG",""
"3V3 LED","D2","LED_SMD:LED_0603_1608Metric",""
"Osc1SawLED2","D20","fm-b2020rgba-hg:FM-B2020RGBA-HG",""
"FXFbLED1","D202","fm-b2020rgba-hg:FM-B2020RGBA-HG",""
"FXFbLED2","D203","fm-b2020rgba-hg:FM-B2020RGBA-HG",""
"FXFbLED3","D205","fm-b2020rgba-hg:FM-B2020RGBA-HG",""
"FXFbLED4","D206","fm-b2020rgba-hg:FM-B2020RGBA-HG",""
"FXFbLED5","D207","fm-b2020rgba-hg:FM-B2020RGBA-HG",""
"FXFbLED6","D209","fm-b2020rgba-hg:FM-B2020RGBA-HG",""
"Osc1SqrLED2","D21","fm-b2020rgba-hg:FM-B2020RGBA-HG",""
"FXFbLED7","D210","fm-b2020rgba-hg:FM-B2020RGBA-HG",""
"FXFbLED18","D211","fm-b2020rgba-hg:FM-B2020RGBA-HG",""
"OscFiltEnvAtkLED1","D218","LED_SMD:LED_0603_1608Metric",""
"OscFiltEnvAtkLED2","D219","LED_SMD:LED_0603_1608Metric",""
"Osc2SawLED2","D22","fm-b2020rgba-hg:FM-B2020RGBA-HG",""
"OscFiltEnvAtkLED3","D220","LED_SMD:LED_0603_1608Metric",""
"OscFiltEnvAtkLED4","D221","LED_SMD:LED_0603_1608Metric",""
"OscFiltEnvAtkLED5","D222","LED_SMD:LED_0603_1608Metric",""
"OscFiltEnvAtkLED6","D223","LED_SMD:LED_0603_1608Metric",""
"OscFiltEnvDcyLED1","D224","LED_SMD:LED_0603_1608Metric",""
"OscFiltEnvDcyLED2","D225","LED_SMD:LED_0603_1608Metric",""
"OscFiltEnvDcyLED3","D226","LED_SMD:LED_0603_1608Metric",""
"OscFiltEnvDcyLED4","D227","LED_SMD:LED_0603_1608Metric",""
"OscFiltEnvDcyLED5","D228","LED_SMD:LED_0603_1608Metric",""
"OscFiltEnvDcyLED6","D229","LED_SMD:LED_0603_1608Metric",""
"OscFiltEnvSusLED1","D230","LED_SMD:LED_0603_1608Metric",""
"OscFiltEnvSusLED2","D231","LED_SMD:LED_0603_1608Metric",""
"OscFiltEnvSusLED3","D232","LED_SMD:LED_0603_1608Metric",""
"OscFiltEnvSusLED4","D233","LED_SMD:LED_0603_1608Metric",""
"OscFiltEnvSusLED5","D234","LED_SMD:LED_0603_1608Metric",""
"OscFiltEnvSusLED6","D235","LED_SMD:LED_0603_1608Metric",""
"OscFiltEnvRelLED1","D236","LED_SMD:LED_0603_1608Metric",""
"OscFiltEnvRelLED2","D237","LED_SMD:LED_0603_1608Metric",""
"OscFiltEnvRelLED3","D238","LED_SMD:LED_0603_1608Metric",""
"OscFiltEnvRelLED4","D239","LED_SMD:LED_0603_1608Metric",""
"OscFiltEnvRelLED5","D240","LED_SMD:LED_0603_1608Metric",""
"OscFiltEnvRelLED6","D241","LED_SMD:LED_0603_1608Metric",""
"SubFiltEnvAtkLED1","D242","LED_SMD:LED_0603_1608Metric",""
"SubFiltEnvAtkLED2","D243","LED_SMD:LED_0603_1608Metric",""
"SubFiltEnvAtkLED3","D244","LED_SMD:LED_0603_1608Metric",""
"SubFiltEnvAtkLED4","D245","LED_SMD:LED_0603_1608Metric",""
"SubFiltEnvAtkLED5","D246","LED_SMD:LED_0603_1608Metric",""
"SubFiltEnvAtkLED6","D247","LED_SMD:LED_0603_1608Metric",""
"SubFiltEnvDcyLED1","D248","LED_SMD:LED_0603_1608Metric",""
"SubFiltEnvDcyLED2","D249","LED_SMD:LED_0603_1608Metric",""
"SubFiltEnvDcyLED3","D250","LED_SMD:LED_0603_1608Metric",""
"SubFiltEnvDcyLED4","D251","LED_SMD:LED_0603_1608Metric",""
"SubFiltEnvDcyLED5","D252","LED_SMD:LED_0603_1608Metric",""
"SubFiltEnvDcyLED6","D253","LED_SMD:LED_0603_1608Metric",""
"SubFiltEnvSusLED1","D254","LED_SMD:LED_0603_1608Metric",""
"SubFiltEnvSusLED2","D255","LED_SMD:LED_0603_1608Metric",""
"SubFiltEnvSusLED3","D256","LED_SMD:LED_0603_1608Metric",""
"SubFiltEnvSusLED4","D257","LED_SMD:LED_0603_1608Metric",""
"SubFiltEnvSusLED5","D258","LED_SMD:LED_0603_1608Metric",""
"SubFiltEnvSusLED6","D259","LED_SMD:LED_0603_1608Metric",""
"Osc2NoiseLED2","D26","fm-b2020rgba-hg:FM-B2020RGBA-HG",""
"SubFiltEnvRelLED1","D260","LED_SMD:LED_0603_1608Metric",""
"SubFiltEnvRelLED2","D261","LED_SMD:LED_0603_1608Metric",""
"SubFiltEnvRelLED3","D262","LED_SMD:LED_0603_1608Metric",""
"SubFiltEnvRelLED4","D263","LED_SMD:LED_0603_1608Metric",""
"SubFiltEnvRelLED5","D264","LED_SMD:LED_0603_1608Metric",""
"SubFiltEnvRelLED6","D265","LED_SMD:LED_0603_1608Metric",""
"OscAmpEnvAtkLED1","D266","LED_SMD:LED_0603_1608Metric",""
"OscAmpEnvAtkLED2","D267","LED_SMD:LED_0603_1608Metric",""
"OscAmpEnvAtkLED3","D268","LED_SMD:LED_0603_1608Metric",""
"OscAmpEnvAtkLED4","D269","LED_SMD:LED_0603_1608Metric",""
"SubOscLED2","D27","fm-b2020rgba-hg:FM-B2020RGBA-HG",""
"OscAmpEnvAtkLED5","D270","LED_SMD:LED_0603_1608Metric",""
"OscAmpEnvAtkLED6","D271","LED_SMD:LED_0603_1608Metric",""
"OscAmpEnvDcyLED1","D272","LED_SMD:LED_0603_1608Metric",""
"OscAmpEnvDcyLED2","D273","LED_SMD:LED_0603_1608Metric",""
"OscAmpEnvDcyLED3","D274","LED_SMD:LED_0603_1608Metric",""
"OscAmpEnvDcyLED4","D275","LED_SMD:LED_0603_1608Metric",""
"OscAmpEnvDcyLED5","D276","LED_SMD:LED_0603_1608Metric",""
"OscAmpEnvDcyLED6","D277","LED_SMD:LED_0603_1608Metric",""
"OscAmpEnvSusLED1","D278","LED_SMD:LED_0603_1608Metric",""
"OscAmpEnvSusLED2","D279","LED_SMD:LED_0603_1608Metric",""
"SubNoiseLED2","D28","fm-b2020rgba-hg:FM-B2020RGBA-HG",""
"OscAmpEnvSusLED3","D280","LED_SMD:LED_0603_1608Metric",""
"OscAmpEnvSusLED4","D281","LED_SMD:LED_0603_1608Metric",""
"OscAmpEnvSusLED5","D282","LED_SMD:LED_0603_1608Metric",""
"OscAmpEnvSusLED6","D283","LED_SMD:LED_0603_1608Metric",""
"OscAmpEnvRelLED1","D284","LED_SMD:LED_0603_1608Metric",""
"OscAmpEnvRelLED2","D285","LED_SMD:LED_0603_1608Metric",""
"OscAmpEnvRelLED3","D286","LED_SMD:LED_0603_1608Metric",""
"OscAmpEnvRelLED4","D287","LED_SMD:LED_0603_1608Metric",""
"OscAmpEnvRelLED5","D288","LED_SMD:LED_0603_1608Metric",""
"OscAmpEnvRelLED6","D289","LED_SMD:LED_0603_1608Metric",""
"Osc2SqrLED2","D29","fm-b2020rgba-hg:FM-B2020RGBA-HG",""
"SubAmpEnvAtkLED1","D290","LED_SMD:LED_0603_1608Metric",""
"SubAmpEnvAtkLED2","D291","LED_SMD:LED_0603_1608Metric",""
"SubAmpEnvAtkLED3","D292","LED_SMD:LED_0603_1608Metric",""
"SubAmpEnvAtkLED4","D293","LED_SMD:LED_0603_1608Metric",""
"SubAmpEnvAtkLED5","D294","LED_SMD:LED_0603_1608Metric",""
"SubAmpEnvAtkLED6","D295","LED_SMD:LED_0603_1608Metric",""
"SubAmpEnvDcyLED1","D296","LED_SMD:LED_0603_1608Metric",""
"SubAmpEnvDcyLED2","D297","LED_SMD:LED_0603_1608Metric",""
"SubAmpEnvDcyLED3","D298","LED_SMD:LED_0603_1608Metric",""
"SubAmpEnvDcyLED4","D299","LED_SMD:LED_0603_1608Metric",""
"1N4148","D3","Diode_SMD:D_SOD-123",""
"Osc1SawLED3","D30","fm-b2020rgba-hg:FM-B2020RGBA-HG",""
"SubAmpEnvDcyLED5","D300","LED_SMD:LED_0603_1608Metric",""
"SubAmpEnvDcyLED6","D301","LED_SMD:LED_0603_1608Metric",""
"SubAmpEnvSusLED1","D302","LED_SMD:LED_0603_1608Metric",""
"SubAmpEnvSusLED2","D303","LED_SMD:LED_0603_1608Metric",""
"SubAmpEnvSusLED3","D304","LED_SMD:LED_0603_1608Metric",""
"SubAmpEnvSusLED4","D305","LED_SMD:LED_0603_1608Metric",""
"SubAmpEnvSusLED5","D306","LED_SMD:LED_0603_1608Metric",""
"SubAmpEnvSusLED6","D307","LED_SMD:LED_0603_1608Metric",""
"SubAmpEnvRelLED1","D308","LED_SMD:LED_0603_1608Metric",""
"SubAmpEnvRelLED2","D309","LED_SMD:LED_0603_1608Metric",""
"Osc1SqrLED3","D31","fm-b2020rgba-hg:FM-B2020RGBA-HG",""
"SubAmpEnvRelLED3","D310","LED_SMD:LED_0603_1608Metric",""
"SubAmpEnvRelLED4","D311","LED_SMD:LED_0603_1608Metric",""
"SubAmpEnvRelLED5","D312","LED_SMD:LED_0603_1608Metric",""
"SubAmpEnvRelLED6","D313","LED_SMD:LED_0603_1608Metric",""
"Osc2DriveLED6","D315","fm-b2020rgba-hg:FM-B2020RGBA-HG",""
"Osc2DriveLED7","D316","fm-b2020rgba-hg:FM-B2020RGBA-HG",""
"Osc2DriveLED8","D317","fm-b2020rgba-hg:FM-B2020RGBA-HG",""
"Osc2SawLED3","D32","fm-b2020rgba-hg:FM-B2020RGBA-HG",""
"Osc2DriveLED9","D320","fm-b2020rgba-hg:FM-B2020RGBA-HG",""
"FXWetLED13","D326","fm-b2020rgba-hg:FM-B2020RGBA-HG",""
"Osc2NoiseLED3","D33","fm-b2020rgba-hg:FM-B2020RGBA-HG",""
"SubOscLED3","D34","fm-b2020rgba-hg:FM-B2020RGBA-HG",""
"SubNoiseLED3","D35","fm-b2020rgba-hg:FM-B2020RGBA-HG",""
"Osc2MixLED","D36","fm-b2020rgba-hg:FM-B2020RGBA-HG",""
"Osc1MixLED1","D37","fm-b2020rgba-hg:FM-B2020RGBA-HG",""
"SubNoiseMixLED1","D38","fm-b2020rgba-hg:FM-B2020RGBA-HG",""
"Osc1MixLED2","D39","fm-b2020rgba-hg:FM-B2020RGBA-HG",""
"FXDryLED11","D4","fm-b2020rgba-hg:FM-B2020RGBA-HG",""
"Osc1MixLED3","D40","fm-b2020rgba-hg:FM-B2020RGBA-HG",""
"Osc1MixLED4","D41","fm-b2020rgba-hg:FM-B2020RGBA-HG",""
"Osc1MixLED5","D42","fm-b2020rgba-hg:FM-B2020RGBA-HG",""
"OscFiltEnv1LED","D43","LED_SMD:LED_0603_1608Metric",""
"OscFiltEnv2LED","D44","LED_SMD:LED_0603_1608Metric",""
"5V LED","D46","LED_SMD:LED_0603_1608Metric",""
"Osc2MixLED1","D47","fm-b2020rgba-hg:FM-B2020RGBA-HG",""
"Osc2MixLED2","D48","fm-b2020rgba-hg:FM-B2020RGBA-HG",""
"Osc2MixLED3","D49","fm-b2020rgba-hg:FM-B2020RGBA-HG",""
"Osc2MixLED4","D50","fm-b2020rgba-hg:FM-B2020RGBA-HG",""
"Osc2MixLED5","D51","fm-b2020rgba-hg:FM-B2020RGBA-HG",""
"OscFiltSusLED","D52","LED_SMD:LED_0603_1608Metric",""
"OscFiltAmtLED","D53","LED_SMD:LED_0603_1608Metric",""
"SubFilt1LED","D54","LED_SMD:LED_0603_1608Metric",""
"SubFilt2LED","D55","LED_SMD:LED_0603_1608Metric",""
"Osc1ToOsc2LED1","D56","fm-b2020rgba-hg:FM-B2020RGBA-HG",""
"Osc1ToOsc2LED2","D57","fm-b2020rgba-hg:FM-B2020RGBA-HG",""
"SubFiltSusLED","D58","LED_SMD:LED_0603_1608Metric",""
"SubFiltAmtLED","D59","LED_SMD:LED_0603_1608Metric",""
"Osc1ToOsc2LED5","D60","fm-b2020rgba-hg:FM-B2020RGBA-HG",""
"Osc1ToOsc2ED6","D61","fm-b2020rgba-hg:FM-B2020RGBA-HG",""
"OscAmpEnvSusLED","D62","LED_SMD:LED_0603_1608Metric",""
"OscAmpEnvAmtLED","D63","LED_SMD:LED_0603_1608Metric",""
"SubAmpEnvSusLED","D64","LED_SMD:LED_0603_1608Metric",""
"SubAmpEnvAmtLED","D65","LED_SMD:LED_0603_1608Metric",""
"SubToOsc2LED1","D66","fm-b2020rgba-hg:FM-B2020RGBA-HG",""
"SubToOsc2LED2","D67","fm-b2020rgba-hg:FM-B2020RGBA-HG",""
"StepLED","D68,D69,D72,D73,D74,D75,D80,D81,D82,D83,D84,D85,D88,D89,D105,D106,D109,D110","fm-b2020rgba-hg:FM-B2020RGBA-HG",""
"B5819W","D1,D5,D6,D7,D8,D9,D10,D11,D14,D15,D17,D19,D23,D24,D25,D45,D121","Diode_SMD:D_SOD-123",""
"SubToOsc2LED5","D70","fm-b2020rgba-hg:FM-B2020RGBA-HG",""
"SubToOsc2ED6","D71","fm-b2020rgba-hg:FM-B2020RGBA-HG",""
"SubMixLED1","D76","fm-b2020rgba-hg:FM-B2020RGBA-HG",""
"SubMixLED2","D77","fm-b2020rgba-hg:FM-B2020RGBA-HG",""
"SubMixLED3","D78","fm-b2020rgba-hg:FM-B2020RGBA-HG",""
"SubMixLED4","D79","fm-b2020rgba-hg:FM-B2020RGBA-HG",""
"Osc1FiltLED1","D86","fm-b2020rgba-hg:FM-B2020RGBA-HG",""
"Osc1FiltLED2","D87","fm-b2020rgba-hg:FM-B2020RGBA-HG",""
"OscTuneLED1","D90","LED_SMD:LED_0603_1608Metric",""
"OscTuneLED2","D91","LED_SMD:LED_0603_1608Metric",""
"OscTuneLED3","D92","LED_SMD:LED_0603_1608Metric",""
"OscTuneLED4","D93","LED_SMD:LED_0603_1608Metric",""
"OscTuneLED5","D94","LED_SMD:LED_0603_1608Metric",""
"OscTuneLED6","D95","LED_SMD:LED_0603_1608Metric",""
"OscTuneLED7","D96","LED_SMD:LED_0603_1608Metric",""
"OscTuneLED8","D97","LED_SMD:LED_0603_1608Metric",""
"OscTuneLED9","D98","LED_SMD:LED_0603_1608Metric",""
"OscTuneLED10","D99","LED_SMD:LED_0603_1608Metric",""
"500mA","F1,F2","Fuse:Fuse_1206_3216Metric",""
"600 @ 600Mhz","FB1,FB2,FB3","Inductor_SMD:L_0805_2012Metric",""
"MountingHole_Pad","H1,H2,H3,H4,H5,H6,H8,H10,H11,H12","MountingHole:MountingHole_2.2mm_M2_Pad",""
"DEBUG","J1","Connector_PinHeader_1.27mm:PinHeader_2x05_P1.27mm_Vertical_SMD",""
"USB_B_Micro","J15","Connector_USB:USB_Micro-B_Amphenol_10118194_Horizontal",""
"SD_Card","J16","Connector_Card:SD_Kyocera_145638009211859+",""
"BT_DEBUG","J17","Connector_PinHeader_1.27mm:PinHeader_2x05_P1.27mm_Vertical_SMD",""
"12V Supply","J18","TerminalBlock:TerminalBlock_bornier-2_P5.08mm",""
"3V3 Bypass","J19","TerminalBlock:TerminalBlock_bornier-2_P5.08mm",""
"MIDI IN","J2","5PINDIN:SWITCHCRAFT_57PC5F",""
"5V Bypass","J20","TerminalBlock:TerminalBlock_bornier-2_P5.08mm",""
"Env +12V Supply","J21","TerminalBlock:TerminalBlock_bornier-2_P5.08mm",""
"Env -12V Supply","J22","TerminalBlock:TerminalBlock_bornier-2_P5.08mm",""
"OLEDConn","J23","TE FPC:TE_1-1734592-8",""
"FiltConn1PassThru","J24","Connector_PinSocket_2.54mm:PinSocket_2x04_P2.54mm_Vertical",""
"LeftI2C0Test","J25","Connector_PinSocket_2.54mm:PinSocket_2x02_P2.54mm_Vertical",""
"AudioOutConn","J26","Connector_PinSocket_2.54mm:PinSocket_2x02_P2.54mm_Vertical",""
"FiltConn2PassThru","J27","Connector_PinSocket_2.54mm:PinSocket_1x08_P2.54mm_Vertical",""
"FiltConn2PassThruPower","J28","Connector_PinSocket_2.54mm:PinSocket_1x12_P2.54mm_Vertical",""
"LeftI2C1Test","J29","Connector_PinSocket_2.54mm:PinSocket_2x02_P2.54mm_Vertical",""
"MIDI OUT","J3","5PINDIN:SWITCHCRAFT_57PC5F",""
"LeftI2C2Test","J30","Connector_PinSocket_2.54mm:PinSocket_2x02_P2.54mm_Vertical",""
"LeftI2C3Test","J31","Connector_PinSocket_2.54mm:PinSocket_2x02_P2.54mm_Vertical",""
"RightI2C0Test","J32","Connector_PinSocket_2.54mm:PinSocket_2x02_P2.54mm_Vertical",""
"RightI2C1Test","J33","Connector_PinSocket_2.54mm:PinSocket_2x02_P2.54mm_Vertical",""
"RightI2C2Test","J34","Connector_PinSocket_2.54mm:PinSocket_2x02_P2.54mm_Vertical",""
"RightI2C3Test","J35","Connector_PinSocket_2.54mm:PinSocket_2x02_P2.54mm_Vertical",""
"SPIBus1Test","J36","Connector_PinHeader_2.54mm:PinHeader_2x03_P2.54mm_Vertical",""
"Osc1Conn","J37","Connector_PinHeader_2.54mm:PinHeader_2x09_P2.54mm_Vertical",""
"Osc2Conn","J38","Connector_PinHeader_2.54mm:PinHeader_2x09_P2.54mm_Vertical",""
"SubNoiseConn","J39","Connector_PinHeader_2.54mm:PinHeader_2x06_P2.54mm_Vertical",""
"FiltConn2","J40","Connector_PinHeader_2.54mm:PinHeader_2x12_P2.54mm_Vertical",""
"EnvGenConn2","J41","Connector_PinHeader_2.54mm:PinHeader_2x09_P2.54mm_Vertical",""
"EnvGenConn1","J42","Connector_PinHeader_2.54mm:PinHeader_2x09_P2.54mm_Vertical",""
"FXConn1","J43","Connector_PinHeader_2.54mm:PinHeader_2x08_P2.54mm_Vertical",""
"FiltConn1","J44","Connector_PinHeader_2.54mm:PinHeader_2x04_P2.54mm_Vertical",""
"FXConn2","J45","Connector_PinHeader_2.54mm:PinHeader_2x05_P2.54mm_Vertical",""
"EnvGenConn3","J46","Connector_PinHeader_2.54mm:PinHeader_2x09_P2.54mm_Vertical",""
"BTTestConn","J47","Connector_PinHeader_2.54mm:PinHeader_2x06_P2.54mm_Vertical",""
"MIDITestConn","J48","Connector_PinHeader_2.54mm:PinHeader_2x02_P2.54mm_Vertical",""
"I2CBus1TestConn","J49","Connector_PinHeader_2.54mm:PinHeader_2x03_P2.54mm_Vertical",""
"PIC_DEBUG","J4,J5,J6,J7,J8,J9,J10,J11,J12,J13,J14","Connector_PinHeader_1.27mm:PinHeader_1x05_P1.27mm_Vertical",""
"I2CBus2TestConn","J50","Connector_PinHeader_2.54mm:PinHeader_2x03_P2.54mm_Vertical",""
"OLEDTestConn","J51","Connector_PinHeader_2.54mm:PinHeader_2x03_P2.54mm_Vertical",""
"SDIOTestConn","J52","Connector_PinHeader_2.54mm:PinHeader_2x06_P2.54mm_Vertical",""
"HapticEngine","J53","Connector_PinSocket_2.54mm:PinSocket_1x05_P2.54mm_Vertical",""
"10uH","L1,L2,L7","Inductor_SMD:L_Sunlord_MWSA0518_5.4x5.2mm",""
"39nH","L3,L4,L5,L6","Inductor_SMD:L_0402_1005Metric",""
"AO3401A","Q1,Q2","Package_TO_SOT_SMD:SOT-23",""
"10K","R1,R2,R3,R4,R5,R6,R7,R8,R9,R10,R11,R12,R13,R14,R15,R16,R17,R18,R21,R22,R23,R24,R27,R28,R29,R30,R31,R32,R37,R38,R39,R40,R41,R42,R43,R44,R45,R46,R47,R48,R49,R50,R51,R52,R53,R54,R55,R56,R57,R58,R59,R60,R61,R62,R63,R64,R65,R66,R67,R68,R69,R70,R71,R72,R73,R74,R75,R76,R77,R78,R79,R80,R81,R82,R83,R84,R85,R86,R87,R88,R89,R90,R91,R92,R93,R94,R95,R96,R97,R98,R99,R100,R101,R102,R103,R104,R105,R106,R107,R108,R109,R110,R111,R112,R113,R114,R115,R116,R117,R118,R119,R120,R121,R122,R123,R124,R125,R126,R127,R128,R129,R130,R131,R132,R133,R134,R135,R136,R137,R138,R139,R140,R141,R142,R143,R144,R145,R146,R147,R148,R149,R150,R151,R152,R153,R154,R155,R156,R157,R158,R159,R160,R164,R183,R184,R185,R186,R202,R203,R204,R205,R212,R264,R265,R266,R267,R306","Resistor_SMD:R_0402_1005Metric",""
"220R","R161","Resistor_SMD:R_0402_1005Metric",""
"100K","R162,R219,R308","Resistor_SMD:R_1206_3216Metric",""
"1K","R163","Resistor_SMD:R_0402_1005Metric",""
"2.2K","R165,R166,R167,R168","Resistor_SMD:R_0603_1608Metric",""
"220R","R169,R170","Resistor_SMD:R_1206_3216Metric",""
"10K","R171,R172,R173,R174,R175,R176,R177,R178,R179,R180,R181,R182,R304,R305","Resistor_SMD:R_0603_1608Metric",""
"100K","R19,R20,R33,R34,R35,R36,R187,R197,R213,R224,R233,R252,R253,R292,R294,R296,R302","Resistor_SMD:R_0402_1005Metric",""
"3.3K","R25,R26,R188,R189,R190,R191,R196,R225,R232,R240,R241,R260,R261,R293,R295,R297,R303","Resistor_SMD:R_0402_1005Metric",""
"2K2","R192,R193,R194,R195,R198,R199,R200,R201,R268,R269,R270,R271,R272,R273,R274,R275","Resistor_SMD:R_0603_1608Metric",""
"47K","R206,R207,R208,R209,R210,R211","Resistor_SMD:R_0603_1608Metric",""
"68K","R214,R220","Resistor_SMD:R_0603_1608Metric",""
"49.9K","R215,R217","Resistor_SMD:R_0603_1608Metric",""
"16.2K","R216","Resistor_SMD:R_0603_1608Metric",""
"1K","R218","Resistor_SMD:R_0603_1608Metric",""
"2K","R221","Resistor_SMD:R_0603_1608Metric",""
"30K","R222,R223,R226,R227,R228,R229,R230,R231,R234,R235,R236,R237,R238,R239,R242,R243,R244,R245,R254,R255,R256,R257,R258,R259","Resistor_SMD:R_0805_2012Metric",""
"510R","R246,R247,R248,R249,R250,R251","Resistor_SMD:R_0805_2012Metric",""
"7.5K","R262,R263","Resistor_SMD:R_0805_2012Metric",""
"42R2","R276,R277,R278,R279,R280,R281,R282,R283,R284,R285,R286,R287,R288,R289,R290,R291,R298,R299,R300,R301","Resistor_SMD:R_0603_1608Metric",""
"22R","R307,R312,R313,R314","Resistor_SMD:R_0603_1608Metric",""
"139K","R309","Resistor_SMD:R_1206_3216Metric",""
"11.8K","R310","Resistor_SMD:R_1206_3216Metric",""
"10K","R311","Resistor_SMD:R_1206_3216Metric",""
"9.53K","R315","Resistor_SMD:R_0603_1608Metric",""
"Osc1SawEncoder","SW1","PEC11R:PEC11R-4x15F-N0024",""
"SubToOsc2FiltEncoder","SW10","PEC11R:PEC11R-4x15F-N0024",""
"Osc1ToOsc2FiltEncoder","SW11","PEC11R:PEC11R-4x15F-N0024",""
"Osc1FiltFreqEncoder","SW12","PEC11R:PEC11R-4x15F-N0024",""
"Osc2FiltFreqEncoder","SW13","PEC11R:PEC11R-4x15F-N0024",""
"SubFiltFreqEncoder","SW14","PEC11R:PEC11R-4x15F-N0024",""
"OscFiltEnvAttackEncoder","SW15","PEC11R:PEC11R-4x15F-S0024",""
"SubFiltEnvAttackEncoder","SW16","PEC11R:PEC11R-4x15F-S0024",""
"Osc1FiltResEncoder","SW17","PEC11R:PEC11R-4x15F-N0024",""
"Osc2FiltResEncoder","SW18","PEC11R:PEC11R-4x15F-N0024",""
"SubFiltResEncoder","SW19","PEC11R:PEC11R-4x15F-N0024",""
"Osc1SqrEncoder","SW2","PEC11R:PEC11R-4x15F-S0024",""
"OscFiltEnvDecayEncoder","SW20","PEC11R:PEC11R-4x15F-N0024",""
"SubFiltEnvDecayEncoder","SW21","PEC11R:PEC11R-4x15F-N0024",""
"OscFiltEnvSustainEncoder","SW22","PEC11R:PEC11R-4x15F-S0024",""
"SubFiltEnvSustainEncoder","SW23","PEC11R:PEC11R-4x15F-S0024",""
"Osc1DriveEncoder","SW24","PEC11R:PEC11R-4x15F-N0024",""
"Osc2DistortionEncoder","SW25","PEC11R:PEC11R-4x15F-N0024",""
"OscFiltEnvReleaseEncoder","SW26","PEC11R:PEC11R-4x15F-N0024",""
"SubFiltEnvReleaseEncoder","SW27","PEC11R:PEC11R-4x15F-N0024",""
"FXWetDryEncoder","SW28","PEC11R:PEC11R-4x15F-S0024",""
"SubAmpEnvAttackEncoder","SW29","PEC11R:PEC11R-4x15F-N0024",""
"Rotary_Encoder","SW3,SW5","PEC11R:PEC11R-4x15F-N0024",""
"OscAmpEnvAttackEncoder","SW30","PEC11R:PEC11R-4x15F-N0024",""
"FXControl1Encoder","SW31","PEC11R:PEC11R-4x15F-N0024",""
"SubAmpEnvDecayEncoder","SW32","PEC11R:PEC11R-4x15F-N0024",""
"OscAmpEnvDecayEncoder","SW33","PEC11R:PEC11R-4x15F-N0024",""
"FXControl2Encoder","SW34","PEC11R:PEC11R-4x15F-N0024",""
"SubAmpEnvSustainEncoder","SW35","PEC11R:PEC11R-4x15F-S0024",""
"OscAmpEnvSustainEncoder","SW36","PEC11R:PEC11R-4x15F-S0024",""
"FXControl3Encoder","SW37","PEC11R:PEC11R-4x15F-N0024",""
"FXFeedbackEncoder","SW38","PEC11R:PEC11R-4x15F-N0024",""
"SubAmpEnvReleaseEncoder","SW39","PEC11R:PEC11R-4x15F-N0024",""
"Rotary_Encoder_Switch","SW4","PEC11R:PEC11R-4x15F-S0024",""
"OscAmpEnvReleaseEncoder","SW40","PEC11R:PEC11R-4x15F-N0024",""
"Reset","SW41,SW43","PTS636:PTS636",""
"Osc1TuneEncoder","SW53","PEC11R:PEC11R-4x15F-S0024",""
"SubToSubFiltEncoder","SW6","PEC11R:PEC11R-4x15F-N0024",""
"SW_SPDT","SW63","Button_Switch_SMD:SW_SPDT_PCM12",""
"SubNoiseEncoder","SW7","PEC11R:PEC11R-4x15F-N0024",""
"SW_Push","SW8,SW9,SW42,SW44,SW45,SW46,SW47,SW48,SW49,SW50,SW51,SW52,SW54,SW55,SW56,SW57,SW58,SW59,SW60,SW61,SW62","Button_Switch_Keyboard:SW_Cherry_MX_1.00u_PCB",""
"STM32F407VGTx","U1","Package_QFP:LQFP-100_14x14mm_P0.5mm",""
"PIC18F26Q43","U2,U11,U12,U13,U14,U15,U16,U17,U18,U19,U20","Package_SO:SSOP-28_5.3x10.2mm_P0.65mm",""
"MP2359DJ-LF-Z","U21,U42","Package_TO_SOT_SMD:SOT-23-6",""
"6N137","U22","Package_DIP:SMDIP-8_W9.53mm",""
"BLUENRG-M2SA","U23","BLUENRG:XCVR_BLUENRG-M2SA",""
"AD5290","U3,U4","Package_SO:MSOP-10_3x3mm_P0.5mm",""
"IS32FL3237-TQLA3-TR","U24,U25,U26,U27,U28,U29,U30,U31,U32,U33,U34,U35,U36,U37,U38,U41,U48","Package_QFP:TQFP-48-1EP_7x7mm_P0.5mm_EP5x5mm",""
"TCA9544A","U39,U49","Package_SO:TSSOP-20_4.4x6.5mm_P0.65mm",""
"USBLC6-2SC6","U40","Package_TO_SOT_SMD:SOT-23-6",""
"V2164D","U43,U44","Package_SO:SOIC-16_3.9x9.9mm_P1.27mm",""
"TL074","U45,U46,U47","Package_SO:SOIC-14_3.9x8.7mm_P1.27mm",""
"ELW2701AA","U51","Futaba:ELW2701AA",""
"PCA9555PW","U52,U53","Package_SO:TSSOP-24_4.4x7.8mm_P0.65mm",""
"MP1541","U54","Package_TO_SOT_SMD:TSOT-23-5",""
"MCP4651","U55,U56","Package_SO:TSSOP-14_4.4x5mm_P0.65mm",""
"24LC32","U57","Package_DIP:DIP-8_W7.62mm_Socket",""
"DAC7678xPW","U5,U6,U7,U8,U9,U10,U50","Package_SO:TSSOP-16_4.4x5mm_P0.65mm",""
"16Mhz","Y1","Crystal:Crystal_SMD_3225-4Pin_3.2x2.5mm",""